{
    "res/bobber.png": 0.7,
    "res/bobber_bubbles.png": 0.8999999999999999,
    "res/bobber_bubbles2.png": 0.8999999999999999
}